reviewId,userName,userImage,content,score,thumbsUpCount,reviewCreatedVersion,at,replyContent,repliedAt,appVersion,sentiment
6cf72a6a-ecbf-4f12-804b-bb860f2d0008,Nova Septiani,https://play-lh.googleusercontent.com/a-/ALV-UjVIawl5XUfmMBDtd9lxerZ_sUq28Kxki__ExNjOxMpBRwJQgwY,"bayar pajak lebih mudah ga perlu antri ke samsat, cuma mines diproses pengiriman yg lumayan lama. diketerangan dokumen masih diproses sekitar seminggu. tapi setelah diterima pihak pos, cuma butuh 2hari sudah sampai. jadi kurang lebih 11hari sama hari libur baru sampai. terimakasih.",5,5,2.1.1,2026-05-07 10:55:59,,,2.1.1,positive
8532b584-4d7c-4e69-a59e-01e17bf0f3b1,Zulkarnain 01,https://play-lh.googleusercontent.com/a-/ALV-UjVC31c6EmTQDdKqXw6Pj8c_yQ1sgtveYh6Ngaw0AJ9Q1lt7lu-z,sangat membantu,5,0,2.1.1,2026-05-07 10:54:28,"Hai Sahabat SIGNAL, Terima kasih atas ulasannya! 😊

Jika berkenan, rekomendasikan Aplikasi SIGNAL kepada sahabat dan keluarga, agar urusan pajak kendaraan bisa jadi lebih mudah.
Untuk informasi SIGNAL lebih lanjut bisa mengunjungi website samsatdigital.id atau menghubungi email Customer Service info@samsatdigital.id .

Terima kasih,
Tim SIGNAL
",2026-05-08 01:57:56,2.1.1,positive
cf093f81-60c7-4661-9c7f-9ab293430c99,Denny Alvarez,https://play-lh.googleusercontent.com/a/ACg8ocKzMlkAA_7WY_WZC8EjQP7f_KvC8zi3XsS8h8mGgumoA7z6hQ=mo,mantapp,4,0,2.1.1,2026-05-07 10:50:44,"Hai Sahabat SIGNAL, Terima kasih atas ulasannya! 😊

Jika berkenan, rekomendasikan Aplikasi SIGNAL kepada sahabat dan keluarga, agar urusan pajak kendaraan bisa jadi lebih mudah.
Untuk informasi SIGNAL lebih lanjut bisa mengunjungi website samsatdigital.id atau menghubungi email Customer Service info@samsatdigital.id .

Terima kasih,
Tim SIGNAL
",2026-05-08 02:49:40,2.1.1,neutral
2efcbdf6-326c-4913-8e9b-1b733a181b54,Mulyadi Yadi,https://play-lh.googleusercontent.com/a/ACg8ocJEaAxUuTAaFzXK7qOGfRFjsth-Ji__kzXmdW54MGZMH8oUuw=mo,"Dengan Signal dapat Menghemat waktu, kesibukan tidak terkendala hanya karena bayar pajak manual yang mengharuskan datang langsung ke perpajakan mobil, terimakasih.",5,0,2.1.1,2026-05-07 10:29:11,"Hai Sahabat SIGNAL, Terima kasih atas ulasannya! 😊

Jika berkenan, rekomendasikan Aplikasi SIGNAL kepada sahabat dan keluarga, agar urusan pajak kendaraan bisa jadi lebih mudah.
Untuk informasi SIGNAL lebih lanjut bisa mengunjungi website samsatdigital.id atau menghubungi email Customer Service info@samsatdigital.id .

Terima kasih,
Tim SIGNAL
",2026-05-08 01:57:52,2.1.1,positive
6a4e436a-4d27-40c4-a3d2-8039bf83d1b2,Hendra Hadi17,https://play-lh.googleusercontent.com/a/ACg8ocLeNqIZEftq9mW_G3Nu8jIQzCxi5S92-jJvYDirvB5qw7FNqg=mo,"simple bayar pajak lewat online, 2 hari kemudian datang STNK nya di kirim ke rumah lewat pos . recommended . bagus 👍",5,0,2.1.1,2026-05-07 10:24:59,"Hai Sahabat SIGNAL, Terima kasih atas ulasannya! 😊

Jika berkenan, rekomendasikan Aplikasi SIGNAL kepada sahabat dan keluarga, agar urusan pajak kendaraan bisa jadi lebih mudah.
Untuk informasi SIGNAL lebih lanjut bisa mengunjungi website samsatdigital.id atau menghubungi email Customer Service info@samsatdigital.id .

Terima kasih,
Tim SIGNAL
",2026-05-08 01:57:42,2.1.1,positive
00de8086-7fd3-428a-9ec1-357f9480d9f6,Zakiya Rahmah,https://play-lh.googleusercontent.com/a/ACg8ocLyaycasQThP6xgBKyiTSGl0exeaQdXOQUi-t6o2GEzBbpjlA=mo,"Best! walaupun pas bayar aga susah krn layanan selalu tidak tersedia di last minute. tapi setelah sukses proses tgl 6, tgl 7 dokumen sudah sampai😭🫶🏻",5,0,,2026-05-07 10:23:11,"Hai Sahabat SIGNAL, Terima kasih atas ulasannya 😊
Kami akan terus berupaya meningkatkan layanan agar SIGNAL dapat digunakan dengan lebih mudah & nyaman oleh semua pengguna.
Untuk informasi SIGNAL lebih lanjut bisa mengunjungi website samsatdigital.id atau menghubungi email Customer Service info@samsatdigital.id .
Terima kasih,
Tim SIGNAL
",2026-05-08 02:48:32,,positive
417c0123-982d-44aa-97b0-5cd6aea35670,XOW,https://play-lh.googleusercontent.com/a/ACg8ocJjPwIK6Ptc4FM-7KcTLTQiT6OlnFVkqLr2QUT0ll2RBxj_JVu5=mo,sampai saat ini aman dan mudah,5,0,2.1.1,2026-05-07 10:13:15,"Hai Sahabat SIGNAL, Terima kasih atas ulasannya! 😊

Jika berkenan, rekomendasikan Aplikasi SIGNAL kepada sahabat dan keluarga, agar urusan pajak kendaraan bisa jadi lebih mudah.
Untuk informasi SIGNAL lebih lanjut bisa mengunjungi website samsatdigital.id atau menghubungi email Customer Service info@samsatdigital.id .

Terima kasih,
Tim SIGNAL
",2026-05-08 01:57:21,2.1.1,positive
235d818b-6ff6-4095-8743-b54e6a83ae24,Ferliyudi Merang Ibau,https://play-lh.googleusercontent.com/a-/ALV-UjUd-BgxaXvyZcw6Ya7hyE9bOmGmOUOnOQcN23at2obB22743XSf,"sangat terbantu dengan aplikasi Signal, proses pembayaran mudah dan tidak perlu mengantri lagi. Semoga aplikasi ini tetap berjalan dengan baik karena sangat dimudahkan dan akan selalu lebih baik lagi.",4,0,2.1.1,2026-05-07 10:09:14,"Hai Sahabat SIGNAL, Terima kasih atas ulasan & sarannya 😊
Kami akan terus berupaya meningkatkan layanan agar SIGNAL dapat digunakan dengan lebih mudah & nyaman oleh semua pengguna.
Untuk informasi SIGNAL lebih lanjut bisa mengunjungi website samsatdigital.id atau menghubungi email Customer Service info@samsatdigital.id .
Terima kasih,
Tim SIGNAL
",2026-05-08 02:48:25,2.1.1,positive
c0ee9a59-1328-4443-a3d3-c5dd271c9afa,Danang Febri Saputra,https://play-lh.googleusercontent.com/a-/ALV-UjXE_SRXe00Lg7cH5TbzJKvTy991qNR3qUSeyIb3kqf7N6Iw5Xwo,bagus mempermudah sekali,5,0,2.1.1,2026-05-07 09:42:04,"Hai Sahabat SIGNAL, Terima kasih atas ulasannya! 😊

Jika berkenan, rekomendasikan Aplikasi SIGNAL kepada sahabat dan keluarga, agar urusan pajak kendaraan bisa jadi lebih mudah.
Untuk informasi SIGNAL lebih lanjut bisa mengunjungi website samsatdigital.id atau menghubungi email Customer Service info@samsatdigital.id .

Terima kasih,
Tim SIGNAL
",2026-05-08 01:57:12,2.1.1,positive
6e9df6a0-9d73-48c5-a143-7c18310f0f4d,ipul mobile phone,https://play-lh.googleusercontent.com/a-/ALV-UjUCnc_mquixQFcJl2khnmS4wKI70U27vlK-UTuaohSay9efgbvJ,mantap cepat pratis,5,0,2.1.1,2026-05-07 09:35:39,"Hai Sahabat SIGNAL, Terima kasih atas ulasannya! 😊

Jika berkenan, rekomendasikan Aplikasi SIGNAL kepada sahabat dan keluarga, agar urusan pajak kendaraan bisa jadi lebih mudah.
Untuk informasi SIGNAL lebih lanjut bisa mengunjungi website samsatdigital.id atau menghubungi email Customer Service info@samsatdigital.id .

Terima kasih,
Tim SIGNAL
",2026-05-08 01:57:10,2.1.1,positive
74ff8ef9-d95a-41f2-bd55-6c51dc66542f,Nazriel Rahman,https://play-lh.googleusercontent.com/a-/ALV-UjVGK-voJ_ieE7qNHqWoCJ_ycJeBeHqoPi0qwlGuNE9pLiocOPRr,"mantap, cepat... terimakasih,",5,0,2.1.1,2026-05-07 09:26:03,,,2.1.1,positive
02d65af2-1d2d-401d-b283-78f7712fc3ac,Sirojudin San,https://play-lh.googleusercontent.com/a-/ALV-UjWSFIShqZZNfPbYiO_144jPYl9EW_gPx8Atthk5l2feRDp-QQE9,"sangat membantu bisa efesiensi waktu , saat offday bisa istrht is the best Signal",5,0,2.1.1,2026-05-07 09:21:56,,,2.1.1,positive
e26884f5-d9f8-4dbd-838d-603b86f7d7d5,_hasan 13,https://play-lh.googleusercontent.com/a-/ALV-UjVbKEeq0BE3juGDTBGbEcrIf6UIHsXVL5AZ9FSfBsiToiP24t3f,gak bisa cek pajak,1,0,2.1.1,2026-05-07 09:17:58,,,2.1.1,neutral
7a23aa40-7630-463f-aa7b-545ee67644ec,eka daris,https://play-lh.googleusercontent.com/a/ACg8ocJ2LwimczEOWt625Z1Qnwkzfuje_IdkZbmBzTrJYh_oZw5c6eY=mo,ok oc,4,0,2.1.1,2026-05-07 09:06:14,,,2.1.1,negative
f08a953b-a3d5-421f-908d-eaa433cd72f0,Rojul 11,https://play-lh.googleusercontent.com/a/ACg8ocJ5WEMWeyzEcCXvxXrFreBBsbvmYaot2Izqq1vtpu6HXouixQ=mo,oke,5,0,2.1.1,2026-05-07 08:52:26,,,2.1.1,negative
7bdc74e9-51c0-48f4-a359-3fef8dde1699,Purnowiyata Gunawan Lumbantoruan,https://play-lh.googleusercontent.com/a/ACg8ocLavBm_zf6xAO3xNZz96LHD0oWraTOCrAEkP-ZHmGYbGR9Z9g=mo,sangat membantu sekali. terimakasih,5,0,2.1.1,2026-05-07 08:52:05,,,2.1.1,positive
97fc1a3f-61ae-4de3-b3be-c4ba047d8d70,lbl Bagio,https://play-lh.googleusercontent.com/a-/ALV-UjWMVm3TSf2ECobcqTCIZhhZ3WMqLqqb7sxq_qzrFHkPenxyYFtl,mantap,5,0,2.0.0,2026-05-07 08:50:20,,,2.0.0,positive
bece380d-ca7f-413a-a9e5-0250b8655aec,Choi Anam,https://play-lh.googleusercontent.com/a-/ALV-UjV0VRZV8lLyIO-aRC5uoYc1ewwkdRB7OtL1vS1RCoTqbPyhLA,gak guna. tetep disuruh datang offline,1,0,2.1.1,2026-05-07 08:46:18,,,2.1.1,negative
d3445557-9cba-4bcd-9fb7-067d122978aa,aming tjung,https://play-lh.googleusercontent.com/a/ACg8ocKCdNhO3CCkaMAOMoSfWNNqvzuwFgYMzkCo5irXiiqdYtjF=mo,lebih cepat dan proses sangat cepat👍👍👍,5,0,,2026-05-07 08:34:47,,,,positive
862de8ae-9bb0-49c2-b141-5251df255d68,Salman Pahlawan,https://play-lh.googleusercontent.com/a-/ALV-UjVtxq5AUij_idFW17bROokq2yVQFuWEJx40obOTtqsdBdu56zE7,"ga secanggih SAMBHARA, yg bisa bayar pajak kendaraan milik orang lain. yang penting kan dibayar pajaknya",1,0,2.1.1,2026-05-07 08:31:23,,,2.1.1,negative
549b34fe-9c41-4dbe-910b-0ed1679fe8f2,ANDRIAN SAPUTRA,https://play-lh.googleusercontent.com/a-/ALV-UjUSbShEka_8AM4Eyox8mIQ9WaLlu_wugahyYgISU002gRZ84x0,"Tolong perbaiki lagi layanan, terutama pengirim STNKnya agak lama dan ongkirnya terlalu mahal ,",2,0,,2026-05-07 08:27:47,,,,negative
cf41d693-566e-4b4a-9b3a-d451f5957429,rahmat hidayat,https://play-lh.googleusercontent.com/a-/ALV-UjUxgR8rcmqMVqhSXJ_oypAhiYZiDu5135T6YlxhPqFveqsC0aWr,pelayananny ok dan cepet tapi saran dong ..kog sekarang g dapat stiker klo udah bayar pajak ..dan kaga dapet sarung STNK yg baru 😂mohon di perbaiki yooo,4,0,,2026-05-07 08:25:12,,,,negative
3cd353c0-6a50-4f0d-87ce-98152dc4cb5b,Ridwan Gunawan,https://play-lh.googleusercontent.com/a-/ALV-UjXVpbEzm3Fga9sApaNKhuBMGyFh2JY8AI4c65_s1q-gjMW6zQkD,proses mudah pengiriman cepat 2 hari sampe karna pake express .,5,0,2.1.1,2026-05-07 07:35:16,"Hai Sahabat SIGNAL, Terima kasih atas ulasannya! 😊

Jika berkenan, rekomendasikan Aplikasi SIGNAL kepada sahabat dan keluarga, agar urusan pajak kendaraan bisa jadi lebih mudah.
Untuk informasi SIGNAL lebih lanjut bisa mengunjungi website samsatdigital.id atau menghubungi email Customer Service info@samsatdigital.id .

Terima kasih,
Tim SIGNAL
",2026-05-07 08:06:25,2.1.1,positive
94bb45ae-da37-46b9-ac31-e60385f84c1a,Tri Yanto,https://play-lh.googleusercontent.com/a/ACg8ocKsq-iLSXuTdNj7ZzRqLoB9Pdu3WNVKuaxotPV1xEB6Gi_mGg=mo,sangat rekomen,5,0,2.1.1,2026-05-07 07:15:29,"Hai Sahabat SIGNAL, Terima kasih atas ulasannya! 😊

Jika berkenan, rekomendasikan Aplikasi SIGNAL kepada sahabat dan keluarga, agar urusan pajak kendaraan bisa jadi lebih mudah.
Untuk informasi SIGNAL lebih lanjut bisa mengunjungi website samsatdigital.id atau menghubungi email Customer Service info@samsatdigital.id .

Terima kasih,
Tim SIGNAL
",2026-05-07 08:06:29,2.1.1,positive
9bdabeb3-41ee-43e8-82c5-76135523c105,HARYONO 3D PRINT,https://play-lh.googleusercontent.com/a-/ALV-UjVD-5Ld0Suue947DeBRfSXeIC_w8uQG4jfLR5cCrN3d0XwyGJ7M,"slamt sianng, ingin bertanya setelah membayar melalui amplikasi signal selanjutnnya apa yg harus saya lakukan",5,0,2.1.1,2026-05-07 07:12:45,,,2.1.1,neutral
f31740e2-6e39-4a3a-9183-8f0a6c3c9972,Bambang Suhadi,https://play-lh.googleusercontent.com/a-/ALV-UjUhwdfRxlQtyDcK2CmbT_H52RzBjkhadzbD8i2I8MSInmARCiMDvw,"alhamdulillah.sudah selesai dengan aman.terimakasih.ternyata mudah.ga harus antri,ga keluar rumah dan dimana aja cara isi datanya,ga macet, pokoknya ga ribett deh.dan tinggal tunggu dirumah 3 hr dah nyampe di rumah.makasih pelayanan a.semoga makin Jaya.",5,0,2.1.1,2026-05-07 07:12:10,"Hai Sahabat SIGNAL, Terima kasih atas ulasannya! 😊

Jika berkenan, rekomendasikan Aplikasi SIGNAL kepada sahabat dan keluarga, agar urusan pajak kendaraan bisa jadi lebih mudah.
Untuk informasi SIGNAL lebih lanjut bisa mengunjungi website samsatdigital.id atau menghubungi email Customer Service info@samsatdigital.id .

Terima kasih,
Tim SIGNAL
",2026-05-07 08:06:40,2.1.1,positive
5636de65-7fe2-4749-80b4-555bc9cfeb36,Boy Raven,https://play-lh.googleusercontent.com/a-/ALV-UjXaVaxVDQmKjAFj13iRSf1_zf9OcyeOdoyvOLPzyWDI-dR3Dss,sumpah ini sangat membantu untuk kita yang tidak ada waktu karena kesibukan bekerja mengabdi pada cina. terimakasih samsat praktis dan efisien tingkatkan terus pelayanan semoga ganti nama kepemilikan dan mutasi juga bisa dilakukan secara online GOOD JOB !!!!!!,5,0,2.1.1,2026-05-07 06:26:43,"Hai Sahabat SIGNAL, Terima kasih atas ulasannya! 😊

Jika berkenan, rekomendasikan Aplikasi SIGNAL kepada sahabat dan keluarga, agar urusan pajak kendaraan bisa jadi lebih mudah.
Untuk informasi SIGNAL lebih lanjut bisa mengunjungi website samsatdigital.id atau menghubungi email Customer Service info@samsatdigital.id .

Terima kasih,
Tim SIGNAL
",2026-05-07 08:11:36,2.1.1,positive
7f26ff1f-2d2c-42ff-b864-02b5cc209f08,вoяяyιιiαиz,https://play-lh.googleusercontent.com/a-/ALV-UjUXhiJt8jcWwnl4PwyXnhsRxMKd2tx8t26SwRnFT2NOZdD8Sci1,"lumayan keren, tgl 5 download apk, daftar karena tgl terakhir bayar , tgl 7 sampe rumah... mantaf sistem gercep, kurir gercep.. 👍🏿",5,0,2.1.1,2026-05-07 06:11:07,"Hai Sahabat SIGNAL, Terima kasih atas ulasannya! 😊

Jika berkenan, rekomendasikan Aplikasi SIGNAL kepada sahabat dan keluarga, agar urusan pajak kendaraan bisa jadi lebih mudah.
Untuk informasi SIGNAL lebih lanjut bisa mengunjungi website samsatdigital.id atau menghubungi email Customer Service info@samsatdigital.id .

Terima kasih,
Tim SIGNAL
",2026-05-07 08:11:29,2.1.1,positive
daf1b3b1-ee86-4979-86d2-0d510bdeddc9,Andri Ramdani,https://play-lh.googleusercontent.com/a-/ALV-UjWaT-hjt_KCXhAv9n_fMmNfD1Ju1WtLGru3FR05QwXKC8Say38,biar bintang yg menjawabnya,5,0,,2026-05-07 05:24:13,"Hai Sahabat SIGNAL, Terima kasih atas ulasannya! 😊

Jika berkenan, rekomendasikan Aplikasi SIGNAL kepada sahabat dan keluarga, agar urusan pajak kendaraan bisa jadi lebih mudah.
Untuk informasi SIGNAL lebih lanjut bisa mengunjungi website samsatdigital.id atau menghubungi email Customer Service info@samsatdigital.id .

Terima kasih,
Tim SIGNAL
",2026-05-07 08:11:19,,negative
ff34d585-69f2-479f-80b7-be1d739a6609,Tasrip,https://play-lh.googleusercontent.com/a-/ALV-UjX7BWOueySuNwx9oZ-lrpv0F4sj4-Qwr-BSQSR2A_09jyLFfAdI,"Saya tinggal di perantauan jadi sangat membantu, terimakasih.",5,0,2.1.1,2026-05-07 05:12:39,"Hai Sahabat SIGNAL, Terima kasih atas ulasannya! 😊

Jika berkenan, rekomendasikan Aplikasi SIGNAL kepada sahabat dan keluarga, agar urusan pajak kendaraan bisa jadi lebih mudah.
Untuk informasi SIGNAL lebih lanjut bisa mengunjungi website samsatdigital.id atau menghubungi email Customer Service info@samsatdigital.id .

Terima kasih,
Tim SIGNAL
",2026-05-07 08:11:22,2.1.1,positive
6b417d56-cc11-454b-a6d1-96a6ce8c0672,J Ahmad,https://play-lh.googleusercontent.com/a/ACg8ocLgVqseghHuww-VkvWMAwgN4dTofv3F2Pg1qX8O9d_yCT8wqw=mo,"mau bayar pajak tapi selalu muncul notifikasi ""Gagal, layanan tidak tersedia"", Solusinya gimana?",1,0,2.1.1,2026-05-07 04:57:16,"Hai Sahabat SIGNAL, Mohon maaf atas kendala pengesahan STNK tersebut.

Demi bisa diperiksa & ditindaklanjuti, mohon kirim detail kendala Anda ke email info@samsatdigital.id atau hubungi Customer Service di website samsatdigital.id.
Kami selalu berusaha meningkatkan layanan agar SIGNAL lebih mudah & nyaman saat digunakan.

Terima kasih,
Tim SIGNAL
",2026-05-07 08:17:34,2.1.1,negative
ef2724b5-a60c-4fcd-8f51-cb67feb8f61f,Yusriman Yahya,https://play-lh.googleusercontent.com/a/ACg8ocJBfcrnBECyROZGEcdEoqWNGQJHdRFFTklq7Q91Az1nk-K0RQ=mo,"Apk nya apaan dah, sistemnya gagal mulu klu mau bayar pajak. heran dah",1,0,,2026-05-07 04:37:14,,,,negative
9e40f90c-4f09-4f45-8927-c30965e8a11c,Mulia Yuli,https://play-lh.googleusercontent.com/a-/ALV-UjUvO2D0-0WvYv3OoPcMOzAGXg-GuZkKAVzU_sUALHymW2Qyu6M,cepat dan lebih mudah,5,0,2.1.1,2026-05-07 04:30:28,"Hai Sahabat SIGNAL, Terima kasih atas ulasannya! 😊

Jika berkenan, rekomendasikan Aplikasi SIGNAL kepada sahabat dan keluarga, agar urusan pajak kendaraan bisa jadi lebih mudah.
Untuk informasi SIGNAL lebih lanjut bisa mengunjungi website samsatdigital.id atau menghubungi email Customer Service info@samsatdigital.id .

Terima kasih,
Tim SIGNAL
",2026-05-07 08:09:52,2.1.1,positive
94cb6555-0573-452e-abe4-4fc03d1c61dc,Ridwan,https://play-lh.googleusercontent.com/a-/ALV-UjXm_RGKmK-kDA2BVSEA6e8Q5TE6J-JX4QcHMYOMP1UUdNXXaHoy,"sampai Dengan aman STNK nya,walaupun harus menunggu lumayan lama",4,0,2.1.1,2026-05-07 03:57:32,,,2.1.1,positive
9de22707-368e-4b72-98ea-6cb2f37a422b,Susi Susi Susi lawati,https://play-lh.googleusercontent.com/a/ACg8ocLuB0eQlcb8xYH8WRyvbGo6nNEo980ED5F2TFipvy1-VJdOng=mo,"tolong di benahi,pertama perpnjng pajak normal 10hari nympe,sekrang udah ke 2 kalinya prpnjng, udah 10hari masih proses emng membantu bnget buat yg di perantauan, cman pelacakannya di update di percepat kasian orng yg menunggu kelamaan msa di proses mulu, chat cs jarang di konfirmasi mohon di perbaiki ya biar tdak pada kecewa,",5,0,2.1.1,2026-05-07 03:35:00,,,2.1.1,negative
7d43841d-28d1-499f-9be1-8ebdc6e9214a,Aldafi Fahmi,https://play-lh.googleusercontent.com/a/ACg8ocI3Z3cN_MLQ7JM4uZxZO0w58nc1IGOkqmKq-s4zcgEPIcXotw=mo,ongkir mahal malah kena biaya admin lagi,3,0,,2026-05-07 03:31:30,,,,negative
d5ce7091-f7e5-4000-8589-2aa08ed0f290,Obet Wae,https://play-lh.googleusercontent.com/a/ACg8ocI9Y3Jm7OgqZtFj85jFM-SozVeMaWs3jxQ1lzcd6rV1239rqg=mo,apakah apk nya lagi gangguan?gak bisa di buka untuk bayar pajak selalu eror untuk wilayah jambi,1,0,,2026-05-07 03:05:18,,,,negative
828b1115-3518-4291-9710-35fcbe34b212,Ahmadi,https://play-lh.googleusercontent.com/a/ACg8ocKW6iegkwZK1CScAHzDf66oF9I_P8wzGtzrlg5dcqu-8AmB9Q=mo,pengalaman yang kedua bayar pakai apk ini,5,0,,2026-05-07 02:44:55,"Hai Sahabat SIGNAL, Terima kasih atas ulasannya! 😊

Jika berkenan, rekomendasikan Aplikasi SIGNAL kepada sahabat dan keluarga, agar urusan pajak kendaraan bisa jadi lebih mudah.
Untuk informasi SIGNAL lebih lanjut bisa mengunjungi website samsatdigital.id atau menghubungi email Customer Service info@samsatdigital.id .

Terima kasih,
Tim SIGNAL
",2026-05-07 08:09:09,,neutral
d4b01a12-8711-4300-8d28-f0017c33ce9a,irfan hilmi,https://play-lh.googleusercontent.com/a/ACg8ocJDExgOXVEk-6wCZwPtmywRVMULW8lkXAGDBoA6iPg8IOHohg=mo,sangat bermanfaat bagi kaum pekerja seperti saya. tinggal isi data lalu bayar dan tunggu di rumah. semoga bisa maksimal lagi kedepan nya,5,0,2.1.1,2026-05-07 02:26:47,,,2.1.1,positive
47748418-2bc9-451d-81d9-d9e707c889fc,paisal haja,https://play-lh.googleusercontent.com/a/ACg8ocJSMA1Yw92MH6x9DuRPHPnMT6wA6fjqUVhFgmUDUHxwkGa8fXU=mo,"terimakasih SIGNAL, jadi mudah bayar pajak tahunan lewat online, cukup di rumah saja dan proses juga mudah.",5,0,2.1.1,2026-05-07 01:52:18,"Hai Sahabat SIGNAL, Terima kasih atas ulasannya! 😊

Jika berkenan, rekomendasikan Aplikasi SIGNAL kepada sahabat dan keluarga, agar urusan pajak kendaraan bisa jadi lebih mudah.
Untuk informasi SIGNAL lebih lanjut bisa mengunjungi website samsatdigital.id atau menghubungi email Customer Service info@samsatdigital.id .

Terima kasih,
Tim SIGNAL
",2026-05-07 08:08:56,2.1.1,positive
d127e552-a8f6-423e-8fc6-033bbf3023e8,Zurya Zaki,https://play-lh.googleusercontent.com/a-/ALV-UjVBErZBk_JFlLFN04Yz1ZYb-_L5G3BmyB3aFbf9G89UGqT2OIv6,"mantab, makin canggih",5,0,,2026-05-07 01:40:45,"Hai Sahabat SIGNAL, Terima kasih atas ulasannya! 😊

Jika berkenan, rekomendasikan Aplikasi SIGNAL kepada sahabat dan keluarga, agar urusan pajak kendaraan bisa jadi lebih mudah.
Untuk informasi SIGNAL lebih lanjut bisa mengunjungi website samsatdigital.id atau menghubungi email Customer Service info@samsatdigital.id .

Terima kasih,
Tim SIGNAL
",2026-05-07 08:08:50,,positive
217451e0-63af-4033-bea8-e9dc05effaed,Lesmana Arya,https://play-lh.googleusercontent.com/a-/ALV-UjVwjBhPOLu2a_pYda1bDADbC3a3Td7vXKGn4jYQxPz-RMiSBenEcg,terimakasih sangat membantu,5,0,2.1.1,2026-05-07 01:16:15,"Hai Sahabat SIGNAL, Terima kasih atas ulasannya! 😊

Jika berkenan, rekomendasikan Aplikasi SIGNAL kepada sahabat dan keluarga, agar urusan pajak kendaraan bisa jadi lebih mudah.
Untuk informasi SIGNAL lebih lanjut bisa mengunjungi website samsatdigital.id atau menghubungi email Customer Service info@samsatdigital.id .

Terima kasih,
Tim SIGNAL
",2026-05-07 01:29:30,2.1.1,positive
cdb24626-fc33-44ed-b575-353cadb1ff9d,Nafilah Iffah,https://play-lh.googleusercontent.com/a-/ALV-UjWkgiLaSwPXNjO7wUvPB_WjHXJauIo8oNuGtTCD2fI1_TZ8wW-30w,"daftar kendaraannya susah, gagal terus. udh cek semua data bener, ganti data milik sendiri maupun milik keluarga satu kk juga ga bisa. tapi pas cek ranmor ada.",2,0,2.1.1,2026-05-07 00:55:19,"Hai Sahabat SIGNAL, Mohon maaf atas kendala tersebut.

Demi bisa diperiksa & ditindaklanjuti secara lengkap, mohon kirim detail kendala Anda ke email info@samsatdigital.id atau hubungi Customer Service di website samsatdigital.id.
Kami selalu berusaha meningkatkan layanan agar SIGNAL lebih mudah & nyaman saat digunakan.

Terima kasih,
Tim SIGNAL
",2026-05-07 02:16:27,2.1.1,negative
1d10678f-663f-4bba-842d-fd76cb31aeed,jaja kiki,https://play-lh.googleusercontent.com/a-/ALV-UjX69zgPFh1_MzIwmyzTypoQvFX_9QXshoUGgtzvhzSjuj0TSzsa,baguss tapi tolong di tingkatkan lagi fitur live chat nya dan juga proses nya agak di percepat karena saya pesan express kilat sampe 3 hari,5,0,2.1.1,2026-05-07 00:22:31,"Hai Sahabat SIGNAL, Terima kasih atas ulasan & sarannya 😊
Kami akan terus berupaya meningkatkan layanan agar SIGNAL dapat digunakan dengan lebih mudah & nyaman oleh semua pengguna.
Untuk informasi SIGNAL lebih lanjut bisa mengunjungi website samsatdigital.id atau menghubungi email Customer Service info@samsatdigital.id .
Terima kasih,
Tim SIGNAL
",2026-05-07 01:56:40,2.1.1,negative
69e83174-c4f4-41cf-afd2-19f0018f4251,Aman Disya,https://play-lh.googleusercontent.com/a-/ALV-UjX2oe11l-F9HguheeqRYcSUOfwGtdVsJLyd8-TtDoWmg3k2VgJU,"bukanya lebih baik malah lebih buruk, padahal udah pernah bayar disini tapi sekarang tidak bisa gagal terus no rangka beda lah ,ada2 aja",1,0,2.1.1,2026-05-07 00:05:37,,,2.1.1,negative
f976fa8d-707a-4bb2-aaaf-8637fc816d10,Imam Hakiki,https://play-lh.googleusercontent.com/a/ACg8ocIbjoXaxVvhxcXe-BUmAj7PaSxyvvtSJaLJAgPamyrvJJ7kZw=mo,"terimaksih atas mudahnya membayar pajak.terhitung dari pembayarn sampai stnk di kirim dan sampai kerumah hanya 3 hari kerja.tanggal merah,sabtu dan minggu gak saya hitung ya kawan",5,0,2.1.1,2026-05-07 00:01:45,"Hai Sahabat SIGNAL, Terima kasih atas ulasannya 😊
Kami akan terus berupaya meningkatkan layanan agar SIGNAL dapat digunakan dengan lebih mudah & nyaman oleh semua pengguna.
Untuk informasi SIGNAL lebih lanjut bisa mengunjungi website samsatdigital.id atau menghubungi email Customer Service info@samsatdigital.id .
Terima kasih,
Tim SIGNAL
",2026-05-07 01:56:31,2.1.1,positive
41dd548a-5601-4d66-a29d-42dbb63fa782,Hansler Herludca,https://play-lh.googleusercontent.com/a-/ALV-UjWlkTLI23HeSKWKpXqs2qKjsdU0vk5ztlrAjRR7yxGn9mUbZCNN,"gagal mulu,malah di suruh ke.samsat terdekat",1,0,,2026-05-06 22:14:40,,,,negative
a9dec7b6-30f9-4f4d-90ca-d009b8b189e2,Setiyan Two,https://play-lh.googleusercontent.com/a-/ALV-UjVjs3paNAGweqIhMJmwv3b9b8Xtm0ZCDSZYQXZ5FbppZeQqDD8o,mempermudah untuk membayar pajak kendaraan kalau bisa apknya untuk mempermudah pergantian plat,5,0,2.1.1,2026-05-06 18:21:40,"Hai Sahabat SIGNAL, Terima kasih atas ulasannya! 😊
Jika berkenan, rekomendasikan Aplikasi SIGNAL kepada sahabat dan keluarga, agar urusan pajak kendaraan bisa jadi lebih mudah.
Untuk informasi SIGNAL lebih lanjut bisa mengunjungi website samsatdigital.id atau menghubungi email Customer Service info@samsatdigital.com.
Terima kasih,
Tim SIGNAL
",2025-10-16 01:32:54,2.1.1,neutral
f3c551d1-5d43-4e5c-9152-5cbab8f54efb,Frandi Sitompul PT. Jevans PM,https://play-lh.googleusercontent.com/a/ACg8ocLzQbkMuf9-VfUU3GydxG01HZBSyna9KbPTyBCDAOjgZKtGQMo=mo,"simple,praktis dan Bagus",5,0,2.1.1,2026-05-06 16:17:30,"Hai Sahabat SIGNAL, Terima kasih atas ulasannya! 😊

Jika berkenan, rekomendasikan Aplikasi SIGNAL kepada sahabat dan keluarga, agar urusan pajak kendaraan bisa jadi lebih mudah.
Untuk informasi SIGNAL lebih lanjut bisa mengunjungi website samsatdigital.id atau menghubungi email Customer Service info@samsatdigital.id .

Terima kasih,
Tim SIGNAL
",2026-05-07 01:32:38,2.1.1,positive
b4160781-f7c6-415e-b8ec-88cfe47843c7,gusma gama,https://play-lh.googleusercontent.com/a-/ALV-UjXVHuXAmMzi9WcEZDIzBSTh7we0kMqXqjWYW0M-gWGZ8UfSAQX2,mohon perbaikan untuk database kode pos lampung selatan yang masih menggunakan kode pos lama yang berbeda dengan kode pos keluaran kantor pos,5,0,2.1.1,2026-05-06 15:25:49,"Hai Sahabat SIGNAL, Mohon maaf atas kendala pengiriman tersebut.

Demi bisa diperiksa & ditindaklanjuti, mohon kirim detail kendala Anda ke email info@samsatdigital.id atau hubungi Customer Service di website samsatdigital.id.
Kami selalu berusaha meningkatkan layanan agar SIGNAL lebih mudah & nyaman saat digunakan.

Terima kasih,
Tim SIGNAL
",2026-05-07 02:13:48,2.1.1,neutral
79bcc320-6fd4-4a16-9d80-b2aeab93b70e,San Han,https://play-lh.googleusercontent.com/a/ACg8ocIzMINR-kB5t5pM-J9a0oxJW_hdmEr78CiHirfs4M_tkw3gNdw=mo,Great,5,0,2.1.1,2026-05-06 15:05:22,"Hai Sahabat SIGNAL, Terima kasih atas ulasannya! 😊

Jika berkenan, rekomendasikan Aplikasi SIGNAL kepada sahabat dan keluarga, agar urusan pajak kendaraan bisa jadi lebih mudah.
Untuk informasi SIGNAL lebih lanjut bisa mengunjungi website samsatdigital.id atau menghubungi email Customer Service info@samsatdigital.id .

Terima kasih,
Tim SIGNAL
",2026-05-07 01:33:10,2.1.1,negative
32baec8f-0698-4b72-a2d5-0c37f0ad7341,Samsul Arip,https://play-lh.googleusercontent.com/a-/ALV-UjWuxbxlUhBry06OeUoh7iWiV4i5u0-dLzVrhJouTQpPCip4-Bl0,"aplikasi sangat membantu banget,,, tanpa calo bayar pajak aman berkas juga aman diantar sampai rumah GK perlu ribet antri,, parkir, sat set pokoknya.",5,0,2.0.0,2026-05-06 14:52:57,"Hai Sahabat SIGNAL, Terima kasih atas ulasannya! 😊

Jika berkenan, rekomendasikan Aplikasi SIGNAL kepada sahabat dan keluarga, agar urusan pajak kendaraan bisa jadi lebih mudah.
Untuk informasi SIGNAL lebih lanjut bisa mengunjungi website samsatdigital.id atau menghubungi email Customer Service info@samsatdigital.id .

Terima kasih,
Tim SIGNAL
",2026-05-07 01:55:01,2.0.0,positive
10bf9a98-b4ec-4fc9-9871-41ae3d419bfa,suryadi Adie,https://play-lh.googleusercontent.com/a-/ALV-UjUEsfqg2AW_A8UryxvPId56sqhBS5yg-KuF1Ot4rSKH64KpVMon,ok,5,0,2.1.1,2026-05-06 14:34:01,"Hai Sahabat SIGNAL, Terima kasih atas ulasannya! 😊

Jika berkenan, rekomendasikan Aplikasi SIGNAL kepada sahabat dan keluarga, agar urusan pajak kendaraan bisa jadi lebih mudah.
Untuk informasi SIGNAL lebih lanjut bisa mengunjungi website samsatdigital.id atau menghubungi email Customer Service info@samsatdigital.id .

Terima kasih,
Tim SIGNAL
",2026-05-07 01:54:42,2.1.1,negative
7f4f71b4-88ac-4077-9081-fa8ada51b408,ade kartika,https://play-lh.googleusercontent.com/a/ACg8ocLKaOXtzUlKJIgEOIDRkNyICKakwtGLQT14oBGB_0UcNQKWyA=mo,"Bersyukur bgt ada apk ini, jd mempermudahh",5,0,2.1.1,2026-05-06 13:26:59,"Hai Sahabat SIGNAL, Terima kasih atas ulasannya! 😊

Jika berkenan, rekomendasikan Aplikasi SIGNAL kepada sahabat dan keluarga, agar urusan pajak kendaraan bisa jadi lebih mudah.
Untuk informasi SIGNAL lebih lanjut bisa mengunjungi website samsatdigital.id atau menghubungi email Customer Service info@samsatdigital.id .

Terima kasih,
Tim SIGNAL
",2026-05-07 01:54:36,2.1.1,positive
59722340-4103-442e-8dfa-3d52eace0c74,Wahyu Hidayat,https://play-lh.googleusercontent.com/a-/ALV-UjV8yXPLV6s_56cSEdbju2EAbb0MEXtzUwrgb1FBQKS3sucM3Km4Ag,"Alhamdulillah, proses cepat dan amanah terimakasih",5,0,2.1.1,2026-05-06 12:47:22,"Hai Sahabat SIGNAL, Terima kasih atas ulasannya! 😊

Jika berkenan, rekomendasikan Aplikasi SIGNAL kepada sahabat dan keluarga, agar urusan pajak kendaraan bisa jadi lebih mudah.
Untuk informasi SIGNAL lebih lanjut bisa mengunjungi website samsatdigital.id atau menghubungi email Customer Service info@samsatdigital.id .

Terima kasih,
Tim SIGNAL
",2026-05-07 01:53:25,2.1.1,positive
1c8bedc5-a9cd-4b41-8d27-c35c51478b8f,galih ardiyanto,https://play-lh.googleusercontent.com/a/ACg8ocKmVJo7c0rxkM_ogDSdkPHdo2g2-GAy7Ekwe6epfqgK-aXgng=mo,"perdana bayar online, bisa mudah dan cepat. mudah""an next bisa cepet terus apl nya gk lemot",5,0,2.1.1,2026-05-06 12:27:44,,,2.1.1,positive
e267268b-7663-4c9c-b10c-bb831272f4ae,abdul,https://play-lh.googleusercontent.com/a-/ALV-UjUc5XJDb5WGxru6g46IRF0dTcgMGacQlDVOKC0t9XylOfhSG1gk,"mantap, cepat dan tepat.",5,0,2.0.0,2026-05-06 12:26:33,"Hai Sahabat SIGNAL, Terima kasih atas ulasannya! 😊

Jika berkenan, rekomendasikan Aplikasi SIGNAL kepada sahabat dan keluarga, agar urusan pajak kendaraan bisa jadi lebih mudah.
Untuk informasi SIGNAL lebih lanjut bisa mengunjungi website samsatdigital.id atau menghubungi email Customer Service info@samsatdigital.id .

Terima kasih,
Tim SIGNAL
",2026-05-07 01:51:47,2.0.0,positive
89bde519-de80-4c65-aee6-84ffdbcf06bd,Handih,https://play-lh.googleusercontent.com/a-/ALV-UjW90xwKYIgcektywgaqzgErouvEPgZPUqxqU0eZrJg5yMwl8TNK,"makasih Signal.. Dengan kemudahannya bayar pajak online dan pengiriman ke alamat domisili kerja , saya jadi tidak harus pulang ke jakarta. makasih...",5,0,2.1.1,2026-05-06 12:02:54,"Hai Sahabat SIGNAL, Terima kasih atas ulasannya! 😊

Jika berkenan, rekomendasikan Aplikasi SIGNAL kepada sahabat dan keluarga, agar urusan pajak kendaraan bisa jadi lebih mudah.
Untuk informasi SIGNAL lebih lanjut bisa mengunjungi website samsatdigital.id atau menghubungi email Customer Service info@samsatdigital.id .

Terima kasih,
Tim SIGNAL
",2026-05-07 01:52:07,2.1.1,positive
964aef0e-0044-4e0d-a95a-219ffb2e02e9,tofa mustofa,https://play-lh.googleusercontent.com/a-/ALV-UjWS_MsBB8CzieZyem0cOAXHe849qw1O4lHAWwgKtGH6s4BmRBmJ,bayar pajak tahunan jadi lebih mudah dan praktis. tidak perlu antri ke loket,5,0,,2026-05-06 12:02:44,"Hai Sahabat SIGNAL, Terima kasih atas ulasannya! 😊

Jika berkenan, rekomendasikan Aplikasi SIGNAL kepada sahabat dan keluarga, agar urusan pajak kendaraan bisa jadi lebih mudah.
Untuk informasi SIGNAL lebih lanjut bisa mengunjungi website samsatdigital.id atau menghubungi email Customer Service info@samsatdigital.id .

Terima kasih,
Tim SIGNAL
",2026-05-07 01:51:43,,positive
24465f2a-2f01-44e7-9770-88319589c8c8,zil loidsman,https://play-lh.googleusercontent.com/a/ACg8ocI6JkVqLpV23SfLi1iO_P5A3kFs3OsSePWLgRhSgb0aOd0NoA=mo,bagus sangat mudah,5,0,,2026-05-06 11:49:57,"Hai Sahabat SIGNAL, Terima kasih atas ulasannya! 😊

Jika berkenan, rekomendasikan Aplikasi SIGNAL kepada sahabat dan keluarga, agar urusan pajak kendaraan bisa jadi lebih mudah.
Untuk informasi SIGNAL lebih lanjut bisa mengunjungi website samsatdigital.id atau menghubungi email Customer Service info@samsatdigital.id .

Terima kasih,
Tim SIGNAL
",2026-05-07 01:48:16,,positive
8cc7b3bf-a08c-4c27-9837-728d74a6d257,Suyadi Suyadi,https://play-lh.googleusercontent.com/a/ACg8ocJrOkfrZ7Dg5UwkRZeQ4ZIqAAuYzY6cMnuFA39PQlVdA1zYmA=mo,okee...,5,0,2.1.1,2026-05-06 11:23:14,"Hai Sahabat SIGNAL, Terima kasih atas ulasannya! 😊

Jika berkenan, rekomendasikan Aplikasi SIGNAL kepada sahabat dan keluarga, agar urusan pajak kendaraan bisa jadi lebih mudah.
Untuk informasi SIGNAL lebih lanjut bisa mengunjungi website samsatdigital.id atau menghubungi email Customer Service info@samsatdigital.id .

Terima kasih,
Tim SIGNAL
",2026-05-07 01:48:09,2.1.1,negative
d9317df8-f056-4151-bfd2-9724f61e9b69,aa UL,https://play-lh.googleusercontent.com/a-/ALV-UjULgBQwFf2ZoTgTJ0CotYVjF_0WfBsSECjnNvgCf2RCobW8MGmg,"gak ribet jadi gak perlu antri ,diantar sampai depan pintu 😁",5,0,2.1.1,2026-05-06 11:07:02,"Hai Sahabat SIGNAL, Terima kasih atas ulasannya! 😊

Jika berkenan, rekomendasikan Aplikasi SIGNAL kepada sahabat dan keluarga, agar urusan pajak kendaraan bisa jadi lebih mudah.
Untuk informasi SIGNAL lebih lanjut bisa mengunjungi website samsatdigital.id atau menghubungi email Customer Service info@samsatdigital.id .

Terima kasih,
Tim SIGNAL
",2026-05-07 01:48:05,2.1.1,positive
811b2062-3bb5-4167-a0e0-5065f8353992,tanu Wibowo,https://play-lh.googleusercontent.com/a-/ALV-UjWUkNa00FFnHvUxJrz7BtAYilO6kE65Ix_l7Ze_BGuc1BIaMw8h,"cukup membantu untuk mempermudah kita yang kebetulan sedang diluar kota, tapi mohon ditingkatkan lagi untuk proses pengirimannya soalnya terlalu lama sampai 6 hari dari proses pembayaran sampai terima dokumenya... terimaksih🙏",4,0,2.1.1,2026-05-06 10:57:45,"Hai Sahabat SIGNAL, Terima kasih atas ulasan & sarannya 😊
Kami akan terus berupaya meningkatkan layanan agar SIGNAL dapat digunakan dengan lebih mudah & nyaman oleh semua pengguna.
Untuk informasi SIGNAL lebih lanjut bisa mengunjungi website samsatdigital.id atau menghubungi email Customer Service info@samsatdigital.id .
Terima kasih,
Tim SIGNAL
",2026-05-07 02:13:10,2.1.1,positive
d0d61499-6afc-4650-8e26-a371c7214deb,NSA Nangka raya,https://play-lh.googleusercontent.com/a/ACg8ocL8FKKVrsLAt4JWfVdHmPcrwlgu6Hzjd3C3aH9gk0oJGJLAkA=mo,bagus dan gercep. terimakasih sangat membantu,5,0,2.1.1,2026-05-06 10:12:27,"Hai Sahabat SIGNAL, Terima kasih atas ulasannya! 😊

Jika berkenan, rekomendasikan Aplikasi SIGNAL kepada sahabat dan keluarga, agar urusan pajak kendaraan bisa jadi lebih mudah.
Untuk informasi SIGNAL lebih lanjut bisa mengunjungi website samsatdigital.id atau menghubungi email Customer Service info@samsatdigital.id .

Terima kasih,
Tim SIGNAL
",2026-05-07 01:47:55,2.1.1,positive
0f8ddd96-5243-417b-89f5-26467716be04,Gie Tugie,https://play-lh.googleusercontent.com/a/ACg8ocKpRm8PYSRWdobXuig5TfMwbBHP1FJJllNr6gGJ5ShWdhSv6g=mo,"pertama kali perpanjang STNK lewat online, proses nya gampang.. tidak ada seminggu STNK sudah diterima, aplikasi SIGNAL ini sangat membantu,, terima kasih",5,0,2.0.0,2026-05-06 09:47:45,"Hai Sahabat SIGNAL, Terima kasih atas ulasannya! 😊

Jika berkenan, rekomendasikan Aplikasi SIGNAL kepada sahabat dan keluarga, agar urusan pajak kendaraan bisa jadi lebih mudah.
Untuk informasi SIGNAL lebih lanjut bisa mengunjungi website samsatdigital.id atau menghubungi email Customer Service info@samsatdigital.id .

Terima kasih,
Tim SIGNAL
",2026-05-07 01:47:49,2.0.0,positive
1e667c6d-aad5-43c3-8de0-c00501f706d5,oelant purple,https://play-lh.googleusercontent.com/a/ACg8ocKX7ThgE408lqaHbm_rxZUAk6M9vo5EYwqouAyNkZC1SSUGow=mo,Alhamdulillah ud 2x pakai aplikasi ini buat pajak tahunan stnk. Terima kasih sudah memudahkan prosesnya,5,0,2.0.0,2026-05-06 09:42:44,"Hai Sahabat SIGNAL, Terima kasih atas ulasannya! 😊

Jika berkenan, rekomendasikan Aplikasi SIGNAL kepada sahabat dan keluarga, agar urusan pajak kendaraan bisa jadi lebih mudah.
Untuk informasi SIGNAL lebih lanjut bisa mengunjungi website samsatdigital.id atau menghubungi email Customer Service info@samsatdigital.id .

Terima kasih,
Tim SIGNAL
",2026-05-07 01:47:45,2.0.0,positive
a513b7f3-5737-4773-88a5-47ae3a60871a,Ratna Kartika,https://play-lh.googleusercontent.com/a/ACg8ocLLnMNp5k2vOWWeJf5v_CIETZQeE-b-KdZZMhp_mDyYjH7i5w=mo,pelayanan nya cepet,5,0,,2026-05-06 09:38:04,"Hai Sahabat SIGNAL, Terima kasih atas ulasannya! 😊

Jika berkenan, rekomendasikan Aplikasi SIGNAL kepada sahabat dan keluarga, agar urusan pajak kendaraan bisa jadi lebih mudah.
Untuk informasi SIGNAL lebih lanjut bisa mengunjungi website samsatdigital.id atau menghubungi email Customer Service info@samsatdigital.id .

Terima kasih,
Tim SIGNAL
",2026-05-07 01:47:28,,positive
d0857f34-1a04-4dc8-ac59-db58be194b61,Wandi Wandoss,https://play-lh.googleusercontent.com/a-/ALV-UjXjwNdIJZhBnqLBVc-SCWMgVXTXg7NGlrNIwlf2wnrvNHnz02BgTg,aplikasi sampah mau lapor jual masalah aplisi tidak ada dukungan.dalam pengembangan dari 5tahun yg begini saja gk ada kemajuan,1,0,,2026-05-06 09:16:07,,,,negative
e194a096-f1bf-4bf3-8af4-0db5053bb97a,Alfian Syah,https://play-lh.googleusercontent.com/a/ACg8ocJSXjLWFdT5ilRdB1PrmTz6oOBS5ThJBBO2vdWcEjwJOsCEqA=mo,cepat terbaik.,5,0,2.1.1,2026-05-06 09:08:52,"Hai Sahabat SIGNAL, Terima kasih atas ulasannya! 😊

Jika berkenan, rekomendasikan Aplikasi SIGNAL kepada sahabat dan keluarga, agar urusan pajak kendaraan bisa jadi lebih mudah.
Untuk informasi SIGNAL lebih lanjut bisa mengunjungi website samsatdigital.id atau menghubungi email Customer Service info@samsatdigital.id .

Terima kasih,
Tim SIGNAL
",2026-05-07 01:47:24,2.1.1,positive
07ec4fd4-68ea-406b-a000-7e856ee9a3f6,Mochamad Taofik,https://play-lh.googleusercontent.com/a/ACg8ocIzhVw7vEgoYUNdWAaJWQay6YKjuOkZewFluUmn-kRmauAkEEI=mo,pas mantab banget.,5,0,,2026-05-06 09:06:57,"Hai Sahabat SIGNAL, Terima kasih atas ulasannya! 😊

Jika berkenan, rekomendasikan Aplikasi SIGNAL kepada sahabat dan keluarga, agar urusan pajak kendaraan bisa jadi lebih mudah.
Untuk informasi SIGNAL lebih lanjut bisa mengunjungi website samsatdigital.id atau menghubungi email Customer Service info@samsatdigital.id .

Terima kasih,
Tim SIGNAL
",2026-05-07 01:47:10,,positive
11de5353-b44e-477d-b317-98a6ce90008a,Idris Apandi,https://play-lh.googleusercontent.com/a-/ALV-UjXHa0ZsGVvjQ_2jof8Dq4pK53yJqJL01KMuasokGowq7GJJHnE,ok,5,0,2.1.1,2026-05-06 08:43:58,"Hai Sahabat SIGNAL, Terima kasih atas ulasannya! 😊

Jika berkenan, rekomendasikan Aplikasi SIGNAL kepada sahabat dan keluarga, agar urusan pajak kendaraan bisa jadi lebih mudah.
Untuk informasi SIGNAL lebih lanjut bisa mengunjungi website samsatdigital.id atau menghubungi email Customer Service info@samsatdigital.id .

Terima kasih,
Tim SIGNAL
",2026-05-07 01:47:07,2.1.1,negative
c9c32a3a-9e97-40d2-a8be-da329d7ed062,Setia Bakti Christian,https://play-lh.googleusercontent.com/a-/ALV-UjXjCaHzPGyySYJxt3OHeamoYVmw5X_epEJOnaaGaEh_ai-rh4jv,ga bisa nambahin kendaraan cok,1,0,2.1.1,2026-05-06 08:12:16,"Hai Sahabat SIGNAL, Mohon maaf atas kendala pendaftaran kendaraan tersebut.

Demi bisa diperiksa & ditindaklanjuti, mohon kirim detail kendala ke email info@samsatdigital.id atau hubungi Customer Service di website samsatdigital.id.
Kami selalu berusaha meningkatkan layanan agar SIGNAL lebih mudah & nyaman saat digunakan.

Terima kasih,
Tim SIGNAL",2026-05-07 02:07:04,2.1.1,neutral
867e40b8-2ece-4e72-9c02-f1e14df7780a,Nurul Adeliyani,https://play-lh.googleusercontent.com/a/ACg8ocI-cuXHQZxNx5ZgxexpBYM9qgaV9MihRtlSWZLx_zYOAkbarQ=mo,"Kak maaf aku mau bayar pajak tahunan , aku sudah download APK udah masukin data dan buat aku juga tapi pas mau pengecekan/pembayaran pajak kenapa selalu gagal ya kak ...? tolong pencerahanya dong kak,. Makasih🙏🏻",2,0,2.1.1,2026-05-06 08:10:08,"Hai Sahabat SIGNAL, Mohon maaf atas kendala pengesahan STNK tersebut.

Demi bisa diperiksa & ditindaklanjuti, mohon kirim detail kendala Anda ke email info@samsatdigital.id atau hubungi Customer Service di website samsatdigital.id.
Kami selalu berusaha meningkatkan layanan agar SIGNAL lebih mudah & nyaman saat digunakan.

Terima kasih,
Tim SIGNAL",2026-05-07 02:09:22,2.1.1,negative
fc82caf4-d671-4f02-8b90-18bd3e7cfe6e,AM,https://play-lh.googleusercontent.com/a/ACg8ocILO4NuTXjnAQ442Kb6hS5ndw4MPfeUKGElVXb-XiEH1Ksw3sU=mo,Aplikasi nya sudah bagus dan stabil. Namun saran utk Korlantas terkait pengiriman bukti pajak kendaraan tolong dikasihkan juga sampul plastik stnk nya karena rawan rusak dokumen nya.,5,0,,2026-05-06 07:55:38,"Hai Sahabat SIGNAL, Terima kasih atas ulasan & sarannya 😊
Kami akan terus berupaya meningkatkan layanan agar SIGNAL dapat digunakan dengan lebih mudah & nyaman oleh semua pengguna.
Untuk informasi SIGNAL lebih lanjut bisa mengunjungi website samsatdigital.id atau menghubungi email Customer Service info@samsatdigital.id .
Terima kasih,
Tim SIGNAL
",2026-05-07 02:12:31,,negative
069af7b7-0c1f-4519-8071-eb286f88afc7,catur jati,https://play-lh.googleusercontent.com/a/ACg8ocJXZDO0Twbbz0TZ3r-qJZUnkqypxHNqPXph0a7B13bbSrhPeQ=mo,Sangat membantu dan efektif.,5,0,2.1.1,2026-05-06 07:46:08,"Hai Sahabat SIGNAL, Terima kasih atas ulasannya! 😊

Jika berkenan, rekomendasikan Aplikasi SIGNAL kepada sahabat dan keluarga, agar urusan pajak kendaraan bisa jadi lebih mudah.
Untuk informasi SIGNAL lebih lanjut bisa mengunjungi website samsatdigital.id atau menghubungi email Customer Service info@samsatdigital.id .

Terima kasih,
Tim SIGNAL
",2026-05-07 01:45:35,2.1.1,positive
c626cc7c-effe-4a2f-b946-3b0ec06a6fc5,βhonJoeL (βhonJoeL),https://play-lh.googleusercontent.com/a-/ALV-UjU57uohTgXMAqTU487e48PwWqbBS-m14zV4vDi6J_okiIgYCfFy2A,"sangat memudahkan untuk membayar pajak tahunan, tidak usah repot-repot datang ke samsat. sangat recommended bagi yg ingin membayar pajak tahunan melalui aplikasi SIGNAL ini.",5,0,2.1.1,2026-05-06 06:57:50,"Hai Sahabat SIGNAL, Terima kasih atas ulasannya! 😊

Jika berkenan, rekomendasikan Aplikasi SIGNAL kepada sahabat dan keluarga, agar urusan pajak kendaraan bisa jadi lebih mudah.
Untuk informasi SIGNAL lebih lanjut bisa mengunjungi website samsatdigital.id atau menghubungi email Customer Service info@samsatdigital.id .

Terima kasih,
Tim SIGNAL
",2026-05-07 01:45:07,2.1.1,positive
bd6e9238-3d46-4e53-be6f-3ce51bd890c9,Irman Channel,https://play-lh.googleusercontent.com/a-/ALV-UjXTqoL3UgPAruBsTm-5S9BocxJORfn9Bffqmf5IFuHM9KIYaqDm,mantap SIGNAL 🫰🫰🫰,5,0,2.1.1,2026-05-06 06:47:53,"Hai Sahabat SIGNAL, Terima kasih atas ulasannya! 😊

Jika berkenan, rekomendasikan Aplikasi SIGNAL kepada sahabat dan keluarga, agar urusan pajak kendaraan bisa jadi lebih mudah.
Untuk informasi SIGNAL lebih lanjut bisa mengunjungi website samsatdigital.id atau menghubungi email Customer Service info@samsatdigital.id .

Terima kasih,
Tim SIGNAL
",2026-05-07 01:44:46,2.1.1,positive
3060c774-9b3e-43a4-9d05-c2528c806c8e,Ay2308 Ara,https://play-lh.googleusercontent.com/a/ACg8ocJ5Te8O_xcbvRm2_smj3nXw4UU6SrXgdECgHlLAp4TTZhfMAA=mo,memudahkan untuk membayar pajak motor 👍🏻👍🏻👍🏻👍🏻👍🏻,5,0,2.0.0,2026-05-06 06:23:50,"Hai Sahabat SIGNAL, Terima kasih atas ulasannya! 😊

Jika berkenan, rekomendasikan Aplikasi SIGNAL kepada sahabat dan keluarga, agar urusan pajak kendaraan bisa jadi lebih mudah.
Untuk informasi SIGNAL lebih lanjut bisa mengunjungi website samsatdigital.id atau menghubungi email Customer Service info@samsatdigital.id .

Terima kasih,
Tim SIGNAL
",2026-05-07 01:44:40,2.0.0,positive
dbbb1bca-c6be-40c2-8be2-8e2b2b88f67a,anoriz cellular,https://play-lh.googleusercontent.com/a/ACg8ocJWI2N9F6AjiOcOUpXV84oZJ1fZqr4BQWAWUc1CxhYTPe7H2A=mo,"gagal menambahkan kendaraan,padahal 1 kk",1,0,,2026-05-06 06:23:38,"Hai Sahabat SIGNAL, Mohon maaf atas kendala pendaftaran kendaraan tersebut.

Demi bisa diperiksa & ditindaklanjuti, mohon kirim detail kendala ke email info@samsatdigital.id atau hubungi Customer Service di website samsatdigital.id.
Kami selalu berusaha meningkatkan layanan agar SIGNAL lebih mudah & nyaman saat digunakan.

Terima kasih,
Tim SIGNAL",2026-05-07 02:04:08,,negative
44d572c6-9eb1-415c-b805-8e90ebd19773,Maf putra,https://play-lh.googleusercontent.com/a-/ALV-UjWoRTaXClfCRiouCsKmlzQqn-_WP8whDfYcg7Sv5KvG04dkH3YV,ok banget dan sangat membantu,5,0,2.1.1,2026-05-06 05:36:56,"Hai Sahabat SIGNAL, Terima kasih atas ulasannya! 😊

Jika berkenan, rekomendasikan Aplikasi SIGNAL kepada sahabat dan keluarga, agar urusan pajak kendaraan bisa jadi lebih mudah.
Untuk informasi SIGNAL lebih lanjut bisa mengunjungi website samsatdigital.id atau menghubungi email Customer Service info@samsatdigital.id .

Terima kasih,
Tim SIGNAL
",2026-05-07 01:44:36,2.1.1,positive
3e8957cb-f1c4-44a3-99bd-8f0a328092db,Jason26 Ecen,https://play-lh.googleusercontent.com/a/ACg8ocKNorNJ54WkWOX4soejnN5LW8MEi297KI5g_BR5LEeGYC9KIg=mo,sangat membantu sekali bermanfaat terimah kasih.,5,0,2.1.1,2026-05-06 05:33:41,"Hai Sahabat SIGNAL, Terima kasih atas ulasannya! 😊

Jika berkenan, rekomendasikan Aplikasi SIGNAL kepada sahabat dan keluarga, agar urusan pajak kendaraan bisa jadi lebih mudah.
Untuk informasi SIGNAL lebih lanjut bisa mengunjungi website samsatdigital.id atau menghubungi email Customer Service info@samsatdigital.id .

Terima kasih,
Tim SIGNAL
",2026-05-07 01:42:44,2.1.1,positive
7474a3c3-2d1e-45ef-8389-105958a263bb,muhamad fadli delpiero,https://play-lh.googleusercontent.com/a-/ALV-UjW9BDxsePV0IZ0Ocadu3SoxmYZZguy9zhD6rakhc1N2Me_NUffc,"verifikasi data lama, tolong segera diperbaiki",4,0,2.1.1,2026-05-06 05:25:47,"Hai Sahabat SIGNAL, Mohon maaf atas kendala verifikasi tersebut.

Demi bisa ditindaklanjuti secara lengkap, mohon kirim detail kendala Anda ke email info@samsatdigital.id atau hubungi Customer Service di website samsatdigital.id.
Kami selalu berusaha meningkatkan layanan agar SIGNAL lebih mudah & nyaman saat digunakan.

Terima kasih,
Tim SIGNAL
",2026-05-07 02:02:26,2.1.1,negative
e7c2b087-54d5-4ce1-916f-cc27b756e53f,rika astuti,https://play-lh.googleusercontent.com/a-/ALV-UjXza0hQZLYgu1ZsQUDsucL_pLfT58sI0A3bRriM-XsacGHEK7iGDA,terima kasih dokumen sudah saya terima aplikasi signal ini sangat bermanfaat serta membantu banget...🙏🙏,5,0,2.1.1,2026-05-06 05:03:05,"Hai Sahabat SIGNAL, Terima kasih atas ulasannya! 😊

Jika berkenan, rekomendasikan Aplikasi SIGNAL kepada sahabat dan keluarga, agar urusan pajak kendaraan bisa jadi lebih mudah.
Untuk informasi SIGNAL lebih lanjut bisa mengunjungi website samsatdigital.id atau menghubungi email Customer Service info@samsatdigital.id .

Terima kasih,
Tim SIGNAL
",2026-05-07 01:42:37,2.1.1,positive
ed6bd948-adfc-4dab-870d-02ef9c1d5ba0,Yudhii nastiia,https://play-lh.googleusercontent.com/a-/ALV-UjVn0feao8GsLCTm8eygyGaGpjH_tp9r-ADPCaJFEqDfW3UlpVeU,gimana mau bayar pajak.. verifikasi data aja selalu eror payah!!!,1,0,2.1.1,2026-05-06 04:47:19,"Hai Sahabat SIGNAL, Mohon maaf atas kendala verifikasi tersebut.

Demi bisa ditindaklanjuti secara lengkap, mohon kirim detail kendala Anda ke email info@samsatdigital.id atau hubungi Customer Service di website samsatdigital.id.
Kami selalu berusaha meningkatkan layanan agar SIGNAL lebih mudah & nyaman saat digunakan.

Terima kasih,
Tim SIGNAL
",2026-05-07 02:00:19,2.1.1,negative
bb5fc07a-7b26-4783-b1c4-d1598dd7ae85,kevin bahagia,https://play-lh.googleusercontent.com/a-/ALV-UjVs8cbkZJ9WxkikkAi05kLvEkN4Yd25wBTbBgjRYNpCKo3qJil3,Good luck,5,0,2.1.1,2026-05-06 04:44:11,,,2.1.1,positive
d7c45652-3055-4af6-ac6b-82649507de76,Sari Rapet,https://play-lh.googleusercontent.com/a/ACg8ocLu8CLnVSTaYgys7suwZum1r0MaL2iHRbCKfuPp27dMPwCnNA=mo,sangat memudahkan dalam pembayaran jadi tidak perlu datang ke samsat,5,0,,2026-05-06 04:43:19,,,,positive
70ef7bf1-7c9a-4415-a046-6613377e1395,Niko Pengkuh,https://play-lh.googleusercontent.com/a-/ALV-UjWVc5UU1JeB8Lbx4dsdyPsKZ9hJ3I5Kp9Kl7FTZCXeA6xqry_MnJA,setiap bayar pajak layanan tidak tersedia.. harus nambah kendaraan manual ga otomatis seperti apk Sapa warga jawa barat,2,0,2.1.1,2026-05-06 04:40:46,,,2.1.1,negative
850d98c0-4f18-4aa8-a0f2-fd4bde85b491,Andy Hermana,https://play-lh.googleusercontent.com/a-/ALV-UjWioeRocPgxsAz3J8qw1zlOCxQhshZvriAWn-6NZF2T_xQEaS4,"sangat membantu bagett, gk perlu repot antri",5,0,2.0.0,2026-05-06 04:34:03,,,2.0.0,positive
e3eb5b92-66a1-403b-a90e-0e1cc9992065,Sudarno,https://play-lh.googleusercontent.com/a/ACg8ocJdjYyIqQ4iK7aYsNFtp8nQ4RMlZNJUGzNYXGXIZ8ucGX06nQ=mo,"aplikasi yang memudahkan pembayaran pajak dll. sukses selalu, maju terus indonesia",5,0,2.1.1,2026-05-06 03:42:23,,,2.1.1,positive
5b774e13-4d52-42d1-8db0-c8d7480463b8,Leonardo Agusto,https://play-lh.googleusercontent.com/a/ACg8ocK46rrYZbYD2_5kj0iOTo1O7cljRcTW3qcBuF-Qhi-yD_Zh6w=mo,"saya dari kaltim tidak bisa mendaftar, apakah daerah kalimantan timur memang belum bisa?",1,0,2.1.1,2026-05-06 02:25:11,,,2.1.1,neutral
2a685415-f616-40ab-8838-31c027f6f589,MY,https://play-lh.googleusercontent.com/a-/ALV-UjXC-znN3qw_Dz8ZgySxXeBKjR2phXAlP8y2oxIW6JRjFQ444yPP,sangat membantu dengan sistem ini tidak perlu datang terimakasih namun pelacakan dokumen sampe mana tidak bisa di cek dan pengirimannya lumayan lama 2 mingguan baru sampe.,5,0,2.1.1,2026-05-06 01:22:19,,,2.1.1,positive
37d980dc-1767-4d3f-8b71-cfca6fddd011,Agung fidriyanto,https://play-lh.googleusercontent.com/a/ACg8ocJA29ZpXdd35g0FopRhvIvZm40qhmN-d5DUStT4_b0pcUH-pw=mo,"istimiwir aplikasi nya,, semoga bertahan terus tentang pelayanan publik ini,, dan siapa tau kedepan nya bisa buat pembayaran pajak yg telat.",5,0,,2026-05-06 00:57:26,,,,positive
b3358193-e73f-42f6-916d-488982afd893,Budi Trianto,https://play-lh.googleusercontent.com/a-/ALV-UjW7m6xR5u4Y5mEpmVcdLz4u64oLOjX-tZbSoJLGmLleUsSC4Vyf,mantaplah,5,0,1.4.0,2026-05-05 23:58:37,"Hai Sahabat SIGNAL, Terima kasih atas ulasannya! 😊

Jika berkenan, rekomendasikan Aplikasi SIGNAL kepada sahabat dan keluarga, agar urusan pajak kendaraan bisa jadi lebih mudah.
Untuk informasi SIGNAL lebih lanjut bisa mengunjungi website samsatdigital.id atau menghubungi email Customer Service info@samsatdigital.id .

Terima kasih,
Tim SIGNAL
",2026-05-06 01:18:06,1.4.0,positive
321471ab-885f-4d66-bf81-ca582c42abd5,Dadasiti Nuraeni,https://play-lh.googleusercontent.com/a-/ALV-UjXnbCq6Uy06kV4xLjP_ANwIkkorLfBxnlbGn5LRRcAx3wJRirZ0,"aku suka ada pelayanan ini, dan selalu pake. tapi syangnya lama beut progress nya. yg terakhir nih transaksi selesai di bulan april, bulan mei baru di kirim😭",3,0,2.0.0,2026-05-05 23:31:22,,,2.0.0,positive
16ca74d7-4cfc-4e18-80a6-76ea503a6bb1,Ridwan Zaelani,https://play-lh.googleusercontent.com/a-/ALV-UjVL40jpJ-XAII5UqDsvBFwwtF_792sQLsgqHwkYUyOeawMbzcSl,"untuk pengiriman fisiknya kalo bisa dipercepat, maksimal 3 hari sudah sampai.",4,0,2.1.1,2026-05-05 23:00:44,,,2.1.1,neutral
1fd4f705-3acc-4841-b6ae-281c0b5c7a47,Marfian Dwi P,https://play-lh.googleusercontent.com/a-/ALV-UjWzIKe2wsA-YnsKGRkgEQjcY5kDWpfF9I8c5fLZUn7DICERf3Nx,Perdana bayar pajak Online. Mantap betull .. semoga tahun depan lebih baik lagi 👏🏻,5,0,2.1.1,2026-05-05 18:02:31,"Hai Sahabat SIGNAL, Terima kasih atas ulasannya! 😊

Jika berkenan, rekomendasikan Aplikasi SIGNAL kepada sahabat dan keluarga, agar urusan pajak kendaraan bisa jadi lebih mudah.
Untuk informasi SIGNAL lebih lanjut bisa mengunjungi website samsatdigital.id atau menghubungi email Customer Service info@samsatdigital.id .

Terima kasih,
Tim SIGNAL
",2026-05-06 01:25:00,2.1.1,positive
35bdec43-717d-42b9-9a0f-0b74c7cb1622,Abu,https://play-lh.googleusercontent.com/a/ACg8ocLiV0KMy98PgDm3BgD5kg3hjhhh5r45Bco6A-EAE07xtEloaw=mo,"sekelas aplikasi nasional loh ini masa gua mau cek pajak error terus aneh banget, mana ribet pula udah buat komplain via email kirain mau di bener tetep aja masi error",1,0,,2026-05-05 17:54:23,,,,negative
e9744455-b6e1-4ada-bdf1-a813c2e42e8b,Muhamad Rendi Gunawan,https://play-lh.googleusercontent.com/a/ACg8ocKqZsqsKuvICILi35uus3mcYabkwOTmj9zFE8jTw7cdzwbPsGU=mo,mudah dan cepat proses nya tgl 28 April 2026 bayar pajak dan tgl 5 mei 2026 sudah di antar ke rumah,5,0,2.1.1,2026-05-05 17:46:55,"Hai Sahabat SIGNAL, Terima kasih atas ulasannya 😊
Kami akan terus berupaya meningkatkan layanan agar SIGNAL dapat digunakan dengan lebih mudah & nyaman oleh semua pengguna.
Untuk informasi SIGNAL lebih lanjut bisa mengunjungi website samsatdigital.id atau menghubungi email Customer Service info@samsatdigital.id .
Terima kasih,
Tim SIGNAL
",2026-05-06 01:34:31,2.1.1,neutral
49f05736-86b8-447c-b7bc-f72fa13f8d03,arifin ahmad,https://play-lh.googleusercontent.com/a-/ALV-UjXZR4SZDuQbaZHkr5iFhq_prhnpgehYfge7aDeVw-7-BORn6un-,sangat membantu bagi para pekerja. trima kasih Samsat Polda.,5,0,2.1.1,2026-05-05 15:25:01,"Hai Sahabat SIGNAL, Terima kasih atas ulasannya! 😊

Jika berkenan, rekomendasikan Aplikasi SIGNAL kepada sahabat dan keluarga, agar urusan pajak kendaraan bisa jadi lebih mudah.
Untuk informasi SIGNAL lebih lanjut bisa mengunjungi website samsatdigital.id atau menghubungi email Customer Service info@samsatdigital.id .

Terima kasih,
Tim SIGNAL
",2026-05-06 01:24:50,2.1.1,positive
03337463-02eb-40c3-bbf1-e619a4ad86a9,Muhammad Fadil,https://play-lh.googleusercontent.com/a-/ALV-UjWoXIbWHFmQy46yR6c_zJlLMCwTOM5E87tBbUAduad1cVXKGMw-,ini kenapa di live chat nya slow respon tolong dj perbaiki,3,0,2.1.1,2026-05-05 14:55:35,,,2.1.1,negative
